metric,NoFSE,FSE
Q_median,82.53746128167721,87.86237008170846
robust_sigma,33.077374241115244,42.72614214235757
DeltaQ,66.15474848223049,85.45228428471513
Uc_median,8.67167340189505,8.447656186082789
a_median,1.0906774196500404,1.0703843721359518
frac_eq,0.7958333333333333,0.5777777777777777
