Uc,a,b,c,Uc_err,a_err,b_err,c_err,Q,b_center,c_center
8.378658191105112,1.3234910316322042,0.8556766614172238,-0.6096278279429035,0.00040557536398614264,0.003145047874945218,1.2161883888976234e-16,1.2161883888976234e-16,168.07395950956533,0.8556766614172238,-0.6096278279429035
8.378658210414077,1.3234910260613386,0.8556765786547328,-0.6096277021585716,0.00040557535694448594,0.0031450477303602157,0.0,1.2161883888976234e-16,168.0739570927663,0.8556765786547328,-0.6096277021585716
8.378658198731397,1.3234910133830449,0.8556767858758363,-0.6096285837080702,0.00040557534538874574,0.0031450480413554543,0.0,0.0,168.07395203199377,0.8556767858758363,-0.6096285837080702
8.378658247545998,1.3234909953779563,0.855676762575472,-0.6096292037391837,0.00040557524943747467,0.003145048183069306,0.0,0.0,168.07394469002884,0.855676762575472,-0.6096292037391837
8.378658348566104,1.323491206853093,0.8556768105266599,-0.6096285106797157,0.00040561196151447275,0.00314511275385474,0.0,0.0,168.07403537017265,0.8556768105266599,-0.6096285106797157
